image_path,label
student-images\face_0\class-faces_face0_aug0.jpg,face_0
student-images\face_0\class-faces_face0_aug1.jpg,face_0
student-images\face_0\class-faces_face0_aug10.jpg,face_0
student-images\face_0\class-faces_face0_aug11.jpg,face_0
student-images\face_0\class-faces_face0_aug12.jpg,face_0
student-images\face_0\class-faces_face0_aug13.jpg,face_0
student-images\face_0\class-faces_face0_aug14.jpg,face_0
student-images\face_0\class-faces_face0_aug15.jpg,face_0
student-images\face_0\class-faces_face0_aug2.jpg,face_0
student-images\face_0\class-faces_face0_aug3.jpg,face_0
student-images\face_0\class-faces_face0_aug4.jpg,face_0
student-images\face_0\class-faces_face0_aug5.jpg,face_0
student-images\face_0\class-faces_face0_aug6.jpg,face_0
student-images\face_0\class-faces_face0_aug7.jpg,face_0
student-images\face_0\class-faces_face0_aug8.jpg,face_0
student-images\face_0\class-faces_face0_aug9.jpg,face_0
student-images\face_0\class-faces_face0_original.jpg,face_0
student-images\face_1\class-faces_face1_aug0.jpg,face_1
student-images\face_1\class-faces_face1_aug1.jpg,face_1
student-images\face_1\class-faces_face1_aug10.jpg,face_1
student-images\face_1\class-faces_face1_aug11.jpg,face_1
student-images\face_1\class-faces_face1_aug12.jpg,face_1
student-images\face_1\class-faces_face1_aug13.jpg,face_1
student-images\face_1\class-faces_face1_aug14.jpg,face_1
student-images\face_1\class-faces_face1_aug15.jpg,face_1
student-images\face_1\class-faces_face1_aug2.jpg,face_1
student-images\face_1\class-faces_face1_aug3.jpg,face_1
student-images\face_1\class-faces_face1_aug4.jpg,face_1
student-images\face_1\class-faces_face1_aug5.jpg,face_1
student-images\face_1\class-faces_face1_aug6.jpg,face_1
student-images\face_1\class-faces_face1_aug7.jpg,face_1
student-images\face_1\class-faces_face1_aug8.jpg,face_1
student-images\face_1\class-faces_face1_aug9.jpg,face_1
student-images\face_1\class-faces_face1_original.jpg,face_1
student-images\face_10\class-faces_face10_aug0.jpg,face_10
student-images\face_10\class-faces_face10_aug1.jpg,face_10
student-images\face_10\class-faces_face10_aug10.jpg,face_10
student-images\face_10\class-faces_face10_aug11.jpg,face_10
student-images\face_10\class-faces_face10_aug12.jpg,face_10
student-images\face_10\class-faces_face10_aug13.jpg,face_10
student-images\face_10\class-faces_face10_aug14.jpg,face_10
student-images\face_10\class-faces_face10_aug15.jpg,face_10
student-images\face_10\class-faces_face10_aug2.jpg,face_10
student-images\face_10\class-faces_face10_aug3.jpg,face_10
student-images\face_10\class-faces_face10_aug4.jpg,face_10
student-images\face_10\class-faces_face10_aug5.jpg,face_10
student-images\face_10\class-faces_face10_aug6.jpg,face_10
student-images\face_10\class-faces_face10_aug7.jpg,face_10
student-images\face_10\class-faces_face10_aug8.jpg,face_10
student-images\face_10\class-faces_face10_aug9.jpg,face_10
student-images\face_10\class-faces_face10_original.jpg,face_10
student-images\face_11\class-faces_face11_aug0.jpg,face_11
student-images\face_11\class-faces_face11_aug1.jpg,face_11
student-images\face_11\class-faces_face11_aug10.jpg,face_11
student-images\face_11\class-faces_face11_aug11.jpg,face_11
student-images\face_11\class-faces_face11_aug12.jpg,face_11
student-images\face_11\class-faces_face11_aug13.jpg,face_11
student-images\face_11\class-faces_face11_aug14.jpg,face_11
student-images\face_11\class-faces_face11_aug15.jpg,face_11
student-images\face_11\class-faces_face11_aug2.jpg,face_11
student-images\face_11\class-faces_face11_aug3.jpg,face_11
student-images\face_11\class-faces_face11_aug4.jpg,face_11
student-images\face_11\class-faces_face11_aug5.jpg,face_11
student-images\face_11\class-faces_face11_aug6.jpg,face_11
student-images\face_11\class-faces_face11_aug7.jpg,face_11
student-images\face_11\class-faces_face11_aug8.jpg,face_11
student-images\face_11\class-faces_face11_aug9.jpg,face_11
student-images\face_11\class-faces_face11_original.jpg,face_11
student-images\face_12\class-faces_face12_aug0.jpg,face_12
student-images\face_12\class-faces_face12_aug1.jpg,face_12
student-images\face_12\class-faces_face12_aug10.jpg,face_12
student-images\face_12\class-faces_face12_aug11.jpg,face_12
student-images\face_12\class-faces_face12_aug12.jpg,face_12
student-images\face_12\class-faces_face12_aug13.jpg,face_12
student-images\face_12\class-faces_face12_aug14.jpg,face_12
student-images\face_12\class-faces_face12_aug15.jpg,face_12
student-images\face_12\class-faces_face12_aug2.jpg,face_12
student-images\face_12\class-faces_face12_aug3.jpg,face_12
student-images\face_12\class-faces_face12_aug4.jpg,face_12
student-images\face_12\class-faces_face12_aug5.jpg,face_12
student-images\face_12\class-faces_face12_aug6.jpg,face_12
student-images\face_12\class-faces_face12_aug7.jpg,face_12
student-images\face_12\class-faces_face12_aug8.jpg,face_12
student-images\face_12\class-faces_face12_aug9.jpg,face_12
student-images\face_12\class-faces_face12_original.jpg,face_12
student-images\face_13\class-faces_face13_aug0.jpg,face_13
student-images\face_13\class-faces_face13_aug1.jpg,face_13
student-images\face_13\class-faces_face13_aug10.jpg,face_13
student-images\face_13\class-faces_face13_aug11.jpg,face_13
student-images\face_13\class-faces_face13_aug12.jpg,face_13
student-images\face_13\class-faces_face13_aug13.jpg,face_13
student-images\face_13\class-faces_face13_aug14.jpg,face_13
student-images\face_13\class-faces_face13_aug15.jpg,face_13
student-images\face_13\class-faces_face13_aug2.jpg,face_13
student-images\face_13\class-faces_face13_aug3.jpg,face_13
student-images\face_13\class-faces_face13_aug4.jpg,face_13
student-images\face_13\class-faces_face13_aug5.jpg,face_13
student-images\face_13\class-faces_face13_aug6.jpg,face_13
student-images\face_13\class-faces_face13_aug7.jpg,face_13
student-images\face_13\class-faces_face13_aug8.jpg,face_13
student-images\face_13\class-faces_face13_aug9.jpg,face_13
student-images\face_13\class-faces_face13_original.jpg,face_13
student-images\face_14\class-faces_face14_aug0.jpg,face_14
student-images\face_14\class-faces_face14_aug1.jpg,face_14
student-images\face_14\class-faces_face14_aug10.jpg,face_14
student-images\face_14\class-faces_face14_aug11.jpg,face_14
student-images\face_14\class-faces_face14_aug12.jpg,face_14
student-images\face_14\class-faces_face14_aug13.jpg,face_14
student-images\face_14\class-faces_face14_aug14.jpg,face_14
student-images\face_14\class-faces_face14_aug15.jpg,face_14
student-images\face_14\class-faces_face14_aug2.jpg,face_14
student-images\face_14\class-faces_face14_aug3.jpg,face_14
student-images\face_14\class-faces_face14_aug4.jpg,face_14
student-images\face_14\class-faces_face14_aug5.jpg,face_14
student-images\face_14\class-faces_face14_aug6.jpg,face_14
student-images\face_14\class-faces_face14_aug7.jpg,face_14
student-images\face_14\class-faces_face14_aug8.jpg,face_14
student-images\face_14\class-faces_face14_aug9.jpg,face_14
student-images\face_14\class-faces_face14_original.jpg,face_14
student-images\face_15\class-faces_face15_aug0.jpg,face_15
student-images\face_15\class-faces_face15_aug1.jpg,face_15
student-images\face_15\class-faces_face15_aug10.jpg,face_15
student-images\face_15\class-faces_face15_aug11.jpg,face_15
student-images\face_15\class-faces_face15_aug12.jpg,face_15
student-images\face_15\class-faces_face15_aug13.jpg,face_15
student-images\face_15\class-faces_face15_aug14.jpg,face_15
student-images\face_15\class-faces_face15_aug15.jpg,face_15
student-images\face_15\class-faces_face15_aug2.jpg,face_15
student-images\face_15\class-faces_face15_aug3.jpg,face_15
student-images\face_15\class-faces_face15_aug4.jpg,face_15
student-images\face_15\class-faces_face15_aug5.jpg,face_15
student-images\face_15\class-faces_face15_aug6.jpg,face_15
student-images\face_15\class-faces_face15_aug7.jpg,face_15
student-images\face_15\class-faces_face15_aug8.jpg,face_15
student-images\face_15\class-faces_face15_aug9.jpg,face_15
student-images\face_15\class-faces_face15_original.jpg,face_15
student-images\face_16\class-faces_face16_aug0.jpg,face_16
student-images\face_16\class-faces_face16_aug1.jpg,face_16
student-images\face_16\class-faces_face16_aug10.jpg,face_16
student-images\face_16\class-faces_face16_aug11.jpg,face_16
student-images\face_16\class-faces_face16_aug12.jpg,face_16
student-images\face_16\class-faces_face16_aug13.jpg,face_16
student-images\face_16\class-faces_face16_aug14.jpg,face_16
student-images\face_16\class-faces_face16_aug15.jpg,face_16
student-images\face_16\class-faces_face16_aug2.jpg,face_16
student-images\face_16\class-faces_face16_aug3.jpg,face_16
student-images\face_16\class-faces_face16_aug4.jpg,face_16
student-images\face_16\class-faces_face16_aug5.jpg,face_16
student-images\face_16\class-faces_face16_aug6.jpg,face_16
student-images\face_16\class-faces_face16_aug7.jpg,face_16
student-images\face_16\class-faces_face16_aug8.jpg,face_16
student-images\face_16\class-faces_face16_aug9.jpg,face_16
student-images\face_16\class-faces_face16_original.jpg,face_16
student-images\face_17\class-faces_face17_aug0.jpg,face_17
student-images\face_17\class-faces_face17_aug1.jpg,face_17
student-images\face_17\class-faces_face17_aug10.jpg,face_17
student-images\face_17\class-faces_face17_aug11.jpg,face_17
student-images\face_17\class-faces_face17_aug12.jpg,face_17
student-images\face_17\class-faces_face17_aug13.jpg,face_17
student-images\face_17\class-faces_face17_aug14.jpg,face_17
student-images\face_17\class-faces_face17_aug15.jpg,face_17
student-images\face_17\class-faces_face17_aug2.jpg,face_17
student-images\face_17\class-faces_face17_aug3.jpg,face_17
student-images\face_17\class-faces_face17_aug4.jpg,face_17
student-images\face_17\class-faces_face17_aug5.jpg,face_17
student-images\face_17\class-faces_face17_aug6.jpg,face_17
student-images\face_17\class-faces_face17_aug7.jpg,face_17
student-images\face_17\class-faces_face17_aug8.jpg,face_17
student-images\face_17\class-faces_face17_aug9.jpg,face_17
student-images\face_17\class-faces_face17_original.jpg,face_17
student-images\face_18\class-faces_face18_aug0.jpg,face_18
student-images\face_18\class-faces_face18_aug1.jpg,face_18
student-images\face_18\class-faces_face18_aug10.jpg,face_18
student-images\face_18\class-faces_face18_aug11.jpg,face_18
student-images\face_18\class-faces_face18_aug12.jpg,face_18
student-images\face_18\class-faces_face18_aug13.jpg,face_18
student-images\face_18\class-faces_face18_aug14.jpg,face_18
student-images\face_18\class-faces_face18_aug15.jpg,face_18
student-images\face_18\class-faces_face18_aug2.jpg,face_18
student-images\face_18\class-faces_face18_aug3.jpg,face_18
student-images\face_18\class-faces_face18_aug4.jpg,face_18
student-images\face_18\class-faces_face18_aug5.jpg,face_18
student-images\face_18\class-faces_face18_aug6.jpg,face_18
student-images\face_18\class-faces_face18_aug7.jpg,face_18
student-images\face_18\class-faces_face18_aug8.jpg,face_18
student-images\face_18\class-faces_face18_aug9.jpg,face_18
student-images\face_18\class-faces_face18_original.jpg,face_18
student-images\face_19\class-faces_face19_aug0.jpg,face_19
student-images\face_19\class-faces_face19_aug1.jpg,face_19
student-images\face_19\class-faces_face19_aug10.jpg,face_19
student-images\face_19\class-faces_face19_aug11.jpg,face_19
student-images\face_19\class-faces_face19_aug12.jpg,face_19
student-images\face_19\class-faces_face19_aug13.jpg,face_19
student-images\face_19\class-faces_face19_aug14.jpg,face_19
student-images\face_19\class-faces_face19_aug15.jpg,face_19
student-images\face_19\class-faces_face19_aug2.jpg,face_19
student-images\face_19\class-faces_face19_aug3.jpg,face_19
student-images\face_19\class-faces_face19_aug4.jpg,face_19
student-images\face_19\class-faces_face19_aug5.jpg,face_19
student-images\face_19\class-faces_face19_aug6.jpg,face_19
student-images\face_19\class-faces_face19_aug7.jpg,face_19
student-images\face_19\class-faces_face19_aug8.jpg,face_19
student-images\face_19\class-faces_face19_aug9.jpg,face_19
student-images\face_19\class-faces_face19_original.jpg,face_19
student-images\face_2\class-faces_face2_aug0.jpg,face_2
student-images\face_2\class-faces_face2_aug1.jpg,face_2
student-images\face_2\class-faces_face2_aug10.jpg,face_2
student-images\face_2\class-faces_face2_aug11.jpg,face_2
student-images\face_2\class-faces_face2_aug12.jpg,face_2
student-images\face_2\class-faces_face2_aug13.jpg,face_2
student-images\face_2\class-faces_face2_aug14.jpg,face_2
student-images\face_2\class-faces_face2_aug15.jpg,face_2
student-images\face_2\class-faces_face2_aug2.jpg,face_2
student-images\face_2\class-faces_face2_aug3.jpg,face_2
student-images\face_2\class-faces_face2_aug4.jpg,face_2
student-images\face_2\class-faces_face2_aug5.jpg,face_2
student-images\face_2\class-faces_face2_aug6.jpg,face_2
student-images\face_2\class-faces_face2_aug7.jpg,face_2
student-images\face_2\class-faces_face2_aug8.jpg,face_2
student-images\face_2\class-faces_face2_aug9.jpg,face_2
student-images\face_2\class-faces_face2_original.jpg,face_2
student-images\face_20\class-faces_face20_aug0.jpg,face_20
student-images\face_20\class-faces_face20_aug1.jpg,face_20
student-images\face_20\class-faces_face20_aug10.jpg,face_20
student-images\face_20\class-faces_face20_aug11.jpg,face_20
student-images\face_20\class-faces_face20_aug12.jpg,face_20
student-images\face_20\class-faces_face20_aug13.jpg,face_20
student-images\face_20\class-faces_face20_aug14.jpg,face_20
student-images\face_20\class-faces_face20_aug15.jpg,face_20
student-images\face_20\class-faces_face20_aug2.jpg,face_20
student-images\face_20\class-faces_face20_aug3.jpg,face_20
student-images\face_20\class-faces_face20_aug4.jpg,face_20
student-images\face_20\class-faces_face20_aug5.jpg,face_20
student-images\face_20\class-faces_face20_aug6.jpg,face_20
student-images\face_20\class-faces_face20_aug7.jpg,face_20
student-images\face_20\class-faces_face20_aug8.jpg,face_20
student-images\face_20\class-faces_face20_aug9.jpg,face_20
student-images\face_20\class-faces_face20_original.jpg,face_20
student-images\face_21\class-faces_face21_aug0.jpg,face_21
student-images\face_21\class-faces_face21_aug1.jpg,face_21
student-images\face_21\class-faces_face21_aug10.jpg,face_21
student-images\face_21\class-faces_face21_aug11.jpg,face_21
student-images\face_21\class-faces_face21_aug12.jpg,face_21
student-images\face_21\class-faces_face21_aug13.jpg,face_21
student-images\face_21\class-faces_face21_aug14.jpg,face_21
student-images\face_21\class-faces_face21_aug15.jpg,face_21
student-images\face_21\class-faces_face21_aug2.jpg,face_21
student-images\face_21\class-faces_face21_aug3.jpg,face_21
student-images\face_21\class-faces_face21_aug4.jpg,face_21
student-images\face_21\class-faces_face21_aug5.jpg,face_21
student-images\face_21\class-faces_face21_aug6.jpg,face_21
student-images\face_21\class-faces_face21_aug7.jpg,face_21
student-images\face_21\class-faces_face21_aug8.jpg,face_21
student-images\face_21\class-faces_face21_aug9.jpg,face_21
student-images\face_21\class-faces_face21_original.jpg,face_21
student-images\face_22\class-faces_face22_aug0.jpg,face_22
student-images\face_22\class-faces_face22_aug1.jpg,face_22
student-images\face_22\class-faces_face22_aug10.jpg,face_22
student-images\face_22\class-faces_face22_aug11.jpg,face_22
student-images\face_22\class-faces_face22_aug12.jpg,face_22
student-images\face_22\class-faces_face22_aug13.jpg,face_22
student-images\face_22\class-faces_face22_aug14.jpg,face_22
student-images\face_22\class-faces_face22_aug15.jpg,face_22
student-images\face_22\class-faces_face22_aug2.jpg,face_22
student-images\face_22\class-faces_face22_aug3.jpg,face_22
student-images\face_22\class-faces_face22_aug4.jpg,face_22
student-images\face_22\class-faces_face22_aug5.jpg,face_22
student-images\face_22\class-faces_face22_aug6.jpg,face_22
student-images\face_22\class-faces_face22_aug7.jpg,face_22
student-images\face_22\class-faces_face22_aug8.jpg,face_22
student-images\face_22\class-faces_face22_aug9.jpg,face_22
student-images\face_22\class-faces_face22_original.jpg,face_22
student-images\face_23\class-faces_face23_aug0.jpg,face_23
student-images\face_23\class-faces_face23_aug1.jpg,face_23
student-images\face_23\class-faces_face23_aug10.jpg,face_23
student-images\face_23\class-faces_face23_aug11.jpg,face_23
student-images\face_23\class-faces_face23_aug12.jpg,face_23
student-images\face_23\class-faces_face23_aug13.jpg,face_23
student-images\face_23\class-faces_face23_aug14.jpg,face_23
student-images\face_23\class-faces_face23_aug15.jpg,face_23
student-images\face_23\class-faces_face23_aug2.jpg,face_23
student-images\face_23\class-faces_face23_aug3.jpg,face_23
student-images\face_23\class-faces_face23_aug4.jpg,face_23
student-images\face_23\class-faces_face23_aug5.jpg,face_23
student-images\face_23\class-faces_face23_aug6.jpg,face_23
student-images\face_23\class-faces_face23_aug7.jpg,face_23
student-images\face_23\class-faces_face23_aug8.jpg,face_23
student-images\face_23\class-faces_face23_aug9.jpg,face_23
student-images\face_23\class-faces_face23_original.jpg,face_23
student-images\face_24\class-faces_face24_aug0.jpg,face_24
student-images\face_24\class-faces_face24_aug1.jpg,face_24
student-images\face_24\class-faces_face24_aug10.jpg,face_24
student-images\face_24\class-faces_face24_aug11.jpg,face_24
student-images\face_24\class-faces_face24_aug12.jpg,face_24
student-images\face_24\class-faces_face24_aug13.jpg,face_24
student-images\face_24\class-faces_face24_aug14.jpg,face_24
student-images\face_24\class-faces_face24_aug15.jpg,face_24
student-images\face_24\class-faces_face24_aug2.jpg,face_24
student-images\face_24\class-faces_face24_aug3.jpg,face_24
student-images\face_24\class-faces_face24_aug4.jpg,face_24
student-images\face_24\class-faces_face24_aug5.jpg,face_24
student-images\face_24\class-faces_face24_aug6.jpg,face_24
student-images\face_24\class-faces_face24_aug7.jpg,face_24
student-images\face_24\class-faces_face24_aug8.jpg,face_24
student-images\face_24\class-faces_face24_aug9.jpg,face_24
student-images\face_24\class-faces_face24_original.jpg,face_24
student-images\face_25\class-faces_face25_aug0.jpg,face_25
student-images\face_25\class-faces_face25_aug1.jpg,face_25
student-images\face_25\class-faces_face25_aug10.jpg,face_25
student-images\face_25\class-faces_face25_aug11.jpg,face_25
student-images\face_25\class-faces_face25_aug12.jpg,face_25
student-images\face_25\class-faces_face25_aug13.jpg,face_25
student-images\face_25\class-faces_face25_aug14.jpg,face_25
student-images\face_25\class-faces_face25_aug15.jpg,face_25
student-images\face_25\class-faces_face25_aug2.jpg,face_25
student-images\face_25\class-faces_face25_aug3.jpg,face_25
student-images\face_25\class-faces_face25_aug4.jpg,face_25
student-images\face_25\class-faces_face25_aug5.jpg,face_25
student-images\face_25\class-faces_face25_aug6.jpg,face_25
student-images\face_25\class-faces_face25_aug7.jpg,face_25
student-images\face_25\class-faces_face25_aug8.jpg,face_25
student-images\face_25\class-faces_face25_aug9.jpg,face_25
student-images\face_25\class-faces_face25_original.jpg,face_25
student-images\face_26\class-faces_face26_aug0.jpg,face_26
student-images\face_26\class-faces_face26_aug1.jpg,face_26
student-images\face_26\class-faces_face26_aug10.jpg,face_26
student-images\face_26\class-faces_face26_aug11.jpg,face_26
student-images\face_26\class-faces_face26_aug12.jpg,face_26
student-images\face_26\class-faces_face26_aug13.jpg,face_26
student-images\face_26\class-faces_face26_aug14.jpg,face_26
student-images\face_26\class-faces_face26_aug15.jpg,face_26
student-images\face_26\class-faces_face26_aug2.jpg,face_26
student-images\face_26\class-faces_face26_aug3.jpg,face_26
student-images\face_26\class-faces_face26_aug4.jpg,face_26
student-images\face_26\class-faces_face26_aug5.jpg,face_26
student-images\face_26\class-faces_face26_aug6.jpg,face_26
student-images\face_26\class-faces_face26_aug7.jpg,face_26
student-images\face_26\class-faces_face26_aug8.jpg,face_26
student-images\face_26\class-faces_face26_aug9.jpg,face_26
student-images\face_26\class-faces_face26_original.jpg,face_26
student-images\face_27\class-faces_face27_aug0.jpg,face_27
student-images\face_27\class-faces_face27_aug1.jpg,face_27
student-images\face_27\class-faces_face27_aug10.jpg,face_27
student-images\face_27\class-faces_face27_aug11.jpg,face_27
student-images\face_27\class-faces_face27_aug12.jpg,face_27
student-images\face_27\class-faces_face27_aug13.jpg,face_27
student-images\face_27\class-faces_face27_aug14.jpg,face_27
student-images\face_27\class-faces_face27_aug15.jpg,face_27
student-images\face_27\class-faces_face27_aug2.jpg,face_27
student-images\face_27\class-faces_face27_aug3.jpg,face_27
student-images\face_27\class-faces_face27_aug4.jpg,face_27
student-images\face_27\class-faces_face27_aug5.jpg,face_27
student-images\face_27\class-faces_face27_aug6.jpg,face_27
student-images\face_27\class-faces_face27_aug7.jpg,face_27
student-images\face_27\class-faces_face27_aug8.jpg,face_27
student-images\face_27\class-faces_face27_aug9.jpg,face_27
student-images\face_27\class-faces_face27_original.jpg,face_27
student-images\face_28\class-faces_face28_aug0.jpg,face_28
student-images\face_28\class-faces_face28_aug1.jpg,face_28
student-images\face_28\class-faces_face28_aug10.jpg,face_28
student-images\face_28\class-faces_face28_aug11.jpg,face_28
student-images\face_28\class-faces_face28_aug12.jpg,face_28
student-images\face_28\class-faces_face28_aug13.jpg,face_28
student-images\face_28\class-faces_face28_aug14.jpg,face_28
student-images\face_28\class-faces_face28_aug15.jpg,face_28
student-images\face_28\class-faces_face28_aug2.jpg,face_28
student-images\face_28\class-faces_face28_aug3.jpg,face_28
student-images\face_28\class-faces_face28_aug4.jpg,face_28
student-images\face_28\class-faces_face28_aug5.jpg,face_28
student-images\face_28\class-faces_face28_aug6.jpg,face_28
student-images\face_28\class-faces_face28_aug7.jpg,face_28
student-images\face_28\class-faces_face28_aug8.jpg,face_28
student-images\face_28\class-faces_face28_aug9.jpg,face_28
student-images\face_28\class-faces_face28_original.jpg,face_28
student-images\face_29\class-faces_face29_aug0.jpg,face_29
student-images\face_29\class-faces_face29_aug1.jpg,face_29
student-images\face_29\class-faces_face29_aug10.jpg,face_29
student-images\face_29\class-faces_face29_aug11.jpg,face_29
student-images\face_29\class-faces_face29_aug12.jpg,face_29
student-images\face_29\class-faces_face29_aug13.jpg,face_29
student-images\face_29\class-faces_face29_aug14.jpg,face_29
student-images\face_29\class-faces_face29_aug15.jpg,face_29
student-images\face_29\class-faces_face29_aug2.jpg,face_29
student-images\face_29\class-faces_face29_aug3.jpg,face_29
student-images\face_29\class-faces_face29_aug4.jpg,face_29
student-images\face_29\class-faces_face29_aug5.jpg,face_29
student-images\face_29\class-faces_face29_aug6.jpg,face_29
student-images\face_29\class-faces_face29_aug7.jpg,face_29
student-images\face_29\class-faces_face29_aug8.jpg,face_29
student-images\face_29\class-faces_face29_aug9.jpg,face_29
student-images\face_29\class-faces_face29_original.jpg,face_29
student-images\face_3\class-faces_face3_aug0.jpg,face_3
student-images\face_3\class-faces_face3_aug1.jpg,face_3
student-images\face_3\class-faces_face3_aug10.jpg,face_3
student-images\face_3\class-faces_face3_aug11.jpg,face_3
student-images\face_3\class-faces_face3_aug12.jpg,face_3
student-images\face_3\class-faces_face3_aug13.jpg,face_3
student-images\face_3\class-faces_face3_aug14.jpg,face_3
student-images\face_3\class-faces_face3_aug15.jpg,face_3
student-images\face_3\class-faces_face3_aug2.jpg,face_3
student-images\face_3\class-faces_face3_aug3.jpg,face_3
student-images\face_3\class-faces_face3_aug4.jpg,face_3
student-images\face_3\class-faces_face3_aug5.jpg,face_3
student-images\face_3\class-faces_face3_aug6.jpg,face_3
student-images\face_3\class-faces_face3_aug7.jpg,face_3
student-images\face_3\class-faces_face3_aug8.jpg,face_3
student-images\face_3\class-faces_face3_aug9.jpg,face_3
student-images\face_3\class-faces_face3_original.jpg,face_3
student-images\face_30\class-faces_face30_aug0.jpg,face_30
student-images\face_30\class-faces_face30_aug1.jpg,face_30
student-images\face_30\class-faces_face30_aug10.jpg,face_30
student-images\face_30\class-faces_face30_aug11.jpg,face_30
student-images\face_30\class-faces_face30_aug12.jpg,face_30
student-images\face_30\class-faces_face30_aug13.jpg,face_30
student-images\face_30\class-faces_face30_aug14.jpg,face_30
student-images\face_30\class-faces_face30_aug15.jpg,face_30
student-images\face_30\class-faces_face30_aug2.jpg,face_30
student-images\face_30\class-faces_face30_aug3.jpg,face_30
student-images\face_30\class-faces_face30_aug4.jpg,face_30
student-images\face_30\class-faces_face30_aug5.jpg,face_30
student-images\face_30\class-faces_face30_aug6.jpg,face_30
student-images\face_30\class-faces_face30_aug7.jpg,face_30
student-images\face_30\class-faces_face30_aug8.jpg,face_30
student-images\face_30\class-faces_face30_aug9.jpg,face_30
student-images\face_30\class-faces_face30_original.jpg,face_30
student-images\face_31\class-faces_face31_aug0.jpg,face_31
student-images\face_31\class-faces_face31_aug1.jpg,face_31
student-images\face_31\class-faces_face31_aug10.jpg,face_31
student-images\face_31\class-faces_face31_aug11.jpg,face_31
student-images\face_31\class-faces_face31_aug12.jpg,face_31
student-images\face_31\class-faces_face31_aug13.jpg,face_31
student-images\face_31\class-faces_face31_aug14.jpg,face_31
student-images\face_31\class-faces_face31_aug15.jpg,face_31
student-images\face_31\class-faces_face31_aug2.jpg,face_31
student-images\face_31\class-faces_face31_aug3.jpg,face_31
student-images\face_31\class-faces_face31_aug4.jpg,face_31
student-images\face_31\class-faces_face31_aug5.jpg,face_31
student-images\face_31\class-faces_face31_aug6.jpg,face_31
student-images\face_31\class-faces_face31_aug7.jpg,face_31
student-images\face_31\class-faces_face31_aug8.jpg,face_31
student-images\face_31\class-faces_face31_aug9.jpg,face_31
student-images\face_31\class-faces_face31_original.jpg,face_31
student-images\face_32\class-faces_face32_aug0.jpg,face_32
student-images\face_32\class-faces_face32_aug1.jpg,face_32
student-images\face_32\class-faces_face32_aug10.jpg,face_32
student-images\face_32\class-faces_face32_aug11.jpg,face_32
student-images\face_32\class-faces_face32_aug12.jpg,face_32
student-images\face_32\class-faces_face32_aug13.jpg,face_32
student-images\face_32\class-faces_face32_aug14.jpg,face_32
student-images\face_32\class-faces_face32_aug15.jpg,face_32
student-images\face_32\class-faces_face32_aug2.jpg,face_32
student-images\face_32\class-faces_face32_aug3.jpg,face_32
student-images\face_32\class-faces_face32_aug4.jpg,face_32
student-images\face_32\class-faces_face32_aug5.jpg,face_32
student-images\face_32\class-faces_face32_aug6.jpg,face_32
student-images\face_32\class-faces_face32_aug7.jpg,face_32
student-images\face_32\class-faces_face32_aug8.jpg,face_32
student-images\face_32\class-faces_face32_aug9.jpg,face_32
student-images\face_32\class-faces_face32_original.jpg,face_32
student-images\face_33\class-faces_face33_aug0.jpg,face_33
student-images\face_33\class-faces_face33_aug1.jpg,face_33
student-images\face_33\class-faces_face33_aug10.jpg,face_33
student-images\face_33\class-faces_face33_aug11.jpg,face_33
student-images\face_33\class-faces_face33_aug12.jpg,face_33
student-images\face_33\class-faces_face33_aug13.jpg,face_33
student-images\face_33\class-faces_face33_aug14.jpg,face_33
student-images\face_33\class-faces_face33_aug15.jpg,face_33
student-images\face_33\class-faces_face33_aug2.jpg,face_33
student-images\face_33\class-faces_face33_aug3.jpg,face_33
student-images\face_33\class-faces_face33_aug4.jpg,face_33
student-images\face_33\class-faces_face33_aug5.jpg,face_33
student-images\face_33\class-faces_face33_aug6.jpg,face_33
student-images\face_33\class-faces_face33_aug7.jpg,face_33
student-images\face_33\class-faces_face33_aug8.jpg,face_33
student-images\face_33\class-faces_face33_aug9.jpg,face_33
student-images\face_33\class-faces_face33_original.jpg,face_33
student-images\face_34\class-faces_face34_aug0.jpg,face_34
student-images\face_34\class-faces_face34_aug1.jpg,face_34
student-images\face_34\class-faces_face34_aug10.jpg,face_34
student-images\face_34\class-faces_face34_aug11.jpg,face_34
student-images\face_34\class-faces_face34_aug12.jpg,face_34
student-images\face_34\class-faces_face34_aug13.jpg,face_34
student-images\face_34\class-faces_face34_aug14.jpg,face_34
student-images\face_34\class-faces_face34_aug15.jpg,face_34
student-images\face_34\class-faces_face34_aug2.jpg,face_34
student-images\face_34\class-faces_face34_aug3.jpg,face_34
student-images\face_34\class-faces_face34_aug4.jpg,face_34
student-images\face_34\class-faces_face34_aug5.jpg,face_34
student-images\face_34\class-faces_face34_aug6.jpg,face_34
student-images\face_34\class-faces_face34_aug7.jpg,face_34
student-images\face_34\class-faces_face34_aug8.jpg,face_34
student-images\face_34\class-faces_face34_aug9.jpg,face_34
student-images\face_34\class-faces_face34_original.jpg,face_34
student-images\face_35\class-faces_face35_aug0.jpg,face_35
student-images\face_35\class-faces_face35_aug1.jpg,face_35
student-images\face_35\class-faces_face35_aug10.jpg,face_35
student-images\face_35\class-faces_face35_aug11.jpg,face_35
student-images\face_35\class-faces_face35_aug12.jpg,face_35
student-images\face_35\class-faces_face35_aug13.jpg,face_35
student-images\face_35\class-faces_face35_aug14.jpg,face_35
student-images\face_35\class-faces_face35_aug15.jpg,face_35
student-images\face_35\class-faces_face35_aug2.jpg,face_35
student-images\face_35\class-faces_face35_aug3.jpg,face_35
student-images\face_35\class-faces_face35_aug4.jpg,face_35
student-images\face_35\class-faces_face35_aug5.jpg,face_35
student-images\face_35\class-faces_face35_aug6.jpg,face_35
student-images\face_35\class-faces_face35_aug7.jpg,face_35
student-images\face_35\class-faces_face35_aug8.jpg,face_35
student-images\face_35\class-faces_face35_aug9.jpg,face_35
student-images\face_35\class-faces_face35_original.jpg,face_35
student-images\face_36\class-faces_face36_aug0.jpg,face_36
student-images\face_36\class-faces_face36_aug1.jpg,face_36
student-images\face_36\class-faces_face36_aug10.jpg,face_36
student-images\face_36\class-faces_face36_aug11.jpg,face_36
student-images\face_36\class-faces_face36_aug12.jpg,face_36
student-images\face_36\class-faces_face36_aug13.jpg,face_36
student-images\face_36\class-faces_face36_aug14.jpg,face_36
student-images\face_36\class-faces_face36_aug15.jpg,face_36
student-images\face_36\class-faces_face36_aug2.jpg,face_36
student-images\face_36\class-faces_face36_aug3.jpg,face_36
student-images\face_36\class-faces_face36_aug4.jpg,face_36
student-images\face_36\class-faces_face36_aug5.jpg,face_36
student-images\face_36\class-faces_face36_aug6.jpg,face_36
student-images\face_36\class-faces_face36_aug7.jpg,face_36
student-images\face_36\class-faces_face36_aug8.jpg,face_36
student-images\face_36\class-faces_face36_aug9.jpg,face_36
student-images\face_36\class-faces_face36_original.jpg,face_36
student-images\face_37\class-faces_face37_aug0.jpg,face_37
student-images\face_37\class-faces_face37_aug1.jpg,face_37
student-images\face_37\class-faces_face37_aug10.jpg,face_37
student-images\face_37\class-faces_face37_aug11.jpg,face_37
student-images\face_37\class-faces_face37_aug12.jpg,face_37
student-images\face_37\class-faces_face37_aug13.jpg,face_37
student-images\face_37\class-faces_face37_aug14.jpg,face_37
student-images\face_37\class-faces_face37_aug15.jpg,face_37
student-images\face_37\class-faces_face37_aug2.jpg,face_37
student-images\face_37\class-faces_face37_aug3.jpg,face_37
student-images\face_37\class-faces_face37_aug4.jpg,face_37
student-images\face_37\class-faces_face37_aug5.jpg,face_37
student-images\face_37\class-faces_face37_aug6.jpg,face_37
student-images\face_37\class-faces_face37_aug7.jpg,face_37
student-images\face_37\class-faces_face37_aug8.jpg,face_37
student-images\face_37\class-faces_face37_aug9.jpg,face_37
student-images\face_37\class-faces_face37_original.jpg,face_37
student-images\face_38\class-faces_face38_aug0.jpg,face_38
student-images\face_38\class-faces_face38_aug1.jpg,face_38
student-images\face_38\class-faces_face38_aug10.jpg,face_38
student-images\face_38\class-faces_face38_aug11.jpg,face_38
student-images\face_38\class-faces_face38_aug12.jpg,face_38
student-images\face_38\class-faces_face38_aug13.jpg,face_38
student-images\face_38\class-faces_face38_aug14.jpg,face_38
student-images\face_38\class-faces_face38_aug15.jpg,face_38
student-images\face_38\class-faces_face38_aug2.jpg,face_38
student-images\face_38\class-faces_face38_aug3.jpg,face_38
student-images\face_38\class-faces_face38_aug4.jpg,face_38
student-images\face_38\class-faces_face38_aug5.jpg,face_38
student-images\face_38\class-faces_face38_aug6.jpg,face_38
student-images\face_38\class-faces_face38_aug7.jpg,face_38
student-images\face_38\class-faces_face38_aug8.jpg,face_38
student-images\face_38\class-faces_face38_aug9.jpg,face_38
student-images\face_38\class-faces_face38_original.jpg,face_38
student-images\face_39\class-faces_face39_aug0.jpg,face_39
student-images\face_39\class-faces_face39_aug1.jpg,face_39
student-images\face_39\class-faces_face39_aug10.jpg,face_39
student-images\face_39\class-faces_face39_aug11.jpg,face_39
student-images\face_39\class-faces_face39_aug12.jpg,face_39
student-images\face_39\class-faces_face39_aug13.jpg,face_39
student-images\face_39\class-faces_face39_aug14.jpg,face_39
student-images\face_39\class-faces_face39_aug15.jpg,face_39
student-images\face_39\class-faces_face39_aug2.jpg,face_39
student-images\face_39\class-faces_face39_aug3.jpg,face_39
student-images\face_39\class-faces_face39_aug4.jpg,face_39
student-images\face_39\class-faces_face39_aug5.jpg,face_39
student-images\face_39\class-faces_face39_aug6.jpg,face_39
student-images\face_39\class-faces_face39_aug7.jpg,face_39
student-images\face_39\class-faces_face39_aug8.jpg,face_39
student-images\face_39\class-faces_face39_aug9.jpg,face_39
student-images\face_39\class-faces_face39_original.jpg,face_39
student-images\face_4\class-faces_face4_aug0.jpg,face_4
student-images\face_4\class-faces_face4_aug1.jpg,face_4
student-images\face_4\class-faces_face4_aug10.jpg,face_4
student-images\face_4\class-faces_face4_aug11.jpg,face_4
student-images\face_4\class-faces_face4_aug12.jpg,face_4
student-images\face_4\class-faces_face4_aug13.jpg,face_4
student-images\face_4\class-faces_face4_aug14.jpg,face_4
student-images\face_4\class-faces_face4_aug15.jpg,face_4
student-images\face_4\class-faces_face4_aug2.jpg,face_4
student-images\face_4\class-faces_face4_aug3.jpg,face_4
student-images\face_4\class-faces_face4_aug4.jpg,face_4
student-images\face_4\class-faces_face4_aug5.jpg,face_4
student-images\face_4\class-faces_face4_aug6.jpg,face_4
student-images\face_4\class-faces_face4_aug7.jpg,face_4
student-images\face_4\class-faces_face4_aug8.jpg,face_4
student-images\face_4\class-faces_face4_aug9.jpg,face_4
student-images\face_4\class-faces_face4_original.jpg,face_4
student-images\face_40\class-faces_face40_aug0.jpg,face_40
student-images\face_40\class-faces_face40_aug1.jpg,face_40
student-images\face_40\class-faces_face40_aug10.jpg,face_40
student-images\face_40\class-faces_face40_aug11.jpg,face_40
student-images\face_40\class-faces_face40_aug12.jpg,face_40
student-images\face_40\class-faces_face40_aug13.jpg,face_40
student-images\face_40\class-faces_face40_aug14.jpg,face_40
student-images\face_40\class-faces_face40_aug15.jpg,face_40
student-images\face_40\class-faces_face40_aug2.jpg,face_40
student-images\face_40\class-faces_face40_aug3.jpg,face_40
student-images\face_40\class-faces_face40_aug4.jpg,face_40
student-images\face_40\class-faces_face40_aug5.jpg,face_40
student-images\face_40\class-faces_face40_aug6.jpg,face_40
student-images\face_40\class-faces_face40_aug7.jpg,face_40
student-images\face_40\class-faces_face40_aug8.jpg,face_40
student-images\face_40\class-faces_face40_aug9.jpg,face_40
student-images\face_40\class-faces_face40_original.jpg,face_40
student-images\face_41\class-faces_face41_aug0.jpg,face_41
student-images\face_41\class-faces_face41_aug1.jpg,face_41
student-images\face_41\class-faces_face41_aug10.jpg,face_41
student-images\face_41\class-faces_face41_aug11.jpg,face_41
student-images\face_41\class-faces_face41_aug12.jpg,face_41
student-images\face_41\class-faces_face41_aug13.jpg,face_41
student-images\face_41\class-faces_face41_aug14.jpg,face_41
student-images\face_41\class-faces_face41_aug15.jpg,face_41
student-images\face_41\class-faces_face41_aug2.jpg,face_41
student-images\face_41\class-faces_face41_aug3.jpg,face_41
student-images\face_41\class-faces_face41_aug4.jpg,face_41
student-images\face_41\class-faces_face41_aug5.jpg,face_41
student-images\face_41\class-faces_face41_aug6.jpg,face_41
student-images\face_41\class-faces_face41_aug7.jpg,face_41
student-images\face_41\class-faces_face41_aug8.jpg,face_41
student-images\face_41\class-faces_face41_aug9.jpg,face_41
student-images\face_41\class-faces_face41_original.jpg,face_41
student-images\face_42\class-faces_face42_aug0.jpg,face_42
student-images\face_42\class-faces_face42_aug1.jpg,face_42
student-images\face_42\class-faces_face42_aug10.jpg,face_42
student-images\face_42\class-faces_face42_aug11.jpg,face_42
student-images\face_42\class-faces_face42_aug12.jpg,face_42
student-images\face_42\class-faces_face42_aug13.jpg,face_42
student-images\face_42\class-faces_face42_aug14.jpg,face_42
student-images\face_42\class-faces_face42_aug15.jpg,face_42
student-images\face_42\class-faces_face42_aug2.jpg,face_42
student-images\face_42\class-faces_face42_aug3.jpg,face_42
student-images\face_42\class-faces_face42_aug4.jpg,face_42
student-images\face_42\class-faces_face42_aug5.jpg,face_42
student-images\face_42\class-faces_face42_aug6.jpg,face_42
student-images\face_42\class-faces_face42_aug7.jpg,face_42
student-images\face_42\class-faces_face42_aug8.jpg,face_42
student-images\face_42\class-faces_face42_aug9.jpg,face_42
student-images\face_42\class-faces_face42_original.jpg,face_42
student-images\face_43\class2faces_face0_aug0.jpg,face_43
student-images\face_43\class2faces_face0_aug1.jpg,face_43
student-images\face_43\class2faces_face0_aug10.jpg,face_43
student-images\face_43\class2faces_face0_aug11.jpg,face_43
student-images\face_43\class2faces_face0_aug12.jpg,face_43
student-images\face_43\class2faces_face0_aug13.jpg,face_43
student-images\face_43\class2faces_face0_aug14.jpg,face_43
student-images\face_43\class2faces_face0_aug15.jpg,face_43
student-images\face_43\class2faces_face0_aug2.jpg,face_43
student-images\face_43\class2faces_face0_aug3.jpg,face_43
student-images\face_43\class2faces_face0_aug4.jpg,face_43
student-images\face_43\class2faces_face0_aug5.jpg,face_43
student-images\face_43\class2faces_face0_aug6.jpg,face_43
student-images\face_43\class2faces_face0_aug7.jpg,face_43
student-images\face_43\class2faces_face0_aug8.jpg,face_43
student-images\face_43\class2faces_face0_aug9.jpg,face_43
student-images\face_43\class2faces_face0_original.jpg,face_43
student-images\face_44\class2faces_face1_aug0.jpg,face_44
student-images\face_44\class2faces_face1_aug1.jpg,face_44
student-images\face_44\class2faces_face1_aug10.jpg,face_44
student-images\face_44\class2faces_face1_aug11.jpg,face_44
student-images\face_44\class2faces_face1_aug12.jpg,face_44
student-images\face_44\class2faces_face1_aug13.jpg,face_44
student-images\face_44\class2faces_face1_aug14.jpg,face_44
student-images\face_44\class2faces_face1_aug15.jpg,face_44
student-images\face_44\class2faces_face1_aug2.jpg,face_44
student-images\face_44\class2faces_face1_aug3.jpg,face_44
student-images\face_44\class2faces_face1_aug4.jpg,face_44
student-images\face_44\class2faces_face1_aug5.jpg,face_44
student-images\face_44\class2faces_face1_aug6.jpg,face_44
student-images\face_44\class2faces_face1_aug7.jpg,face_44
student-images\face_44\class2faces_face1_aug8.jpg,face_44
student-images\face_44\class2faces_face1_aug9.jpg,face_44
student-images\face_44\class2faces_face1_original.jpg,face_44
student-images\face_45\class2faces_face2_aug0.jpg,face_45
student-images\face_45\class2faces_face2_aug1.jpg,face_45
student-images\face_45\class2faces_face2_aug10.jpg,face_45
student-images\face_45\class2faces_face2_aug11.jpg,face_45
student-images\face_45\class2faces_face2_aug12.jpg,face_45
student-images\face_45\class2faces_face2_aug13.jpg,face_45
student-images\face_45\class2faces_face2_aug14.jpg,face_45
student-images\face_45\class2faces_face2_aug15.jpg,face_45
student-images\face_45\class2faces_face2_aug2.jpg,face_45
student-images\face_45\class2faces_face2_aug3.jpg,face_45
student-images\face_45\class2faces_face2_aug4.jpg,face_45
student-images\face_45\class2faces_face2_aug5.jpg,face_45
student-images\face_45\class2faces_face2_aug6.jpg,face_45
student-images\face_45\class2faces_face2_aug7.jpg,face_45
student-images\face_45\class2faces_face2_aug8.jpg,face_45
student-images\face_45\class2faces_face2_aug9.jpg,face_45
student-images\face_45\class2faces_face2_original.jpg,face_45
student-images\face_46\class2faces_face3_aug0.jpg,face_46
student-images\face_46\class2faces_face3_aug1.jpg,face_46
student-images\face_46\class2faces_face3_aug10.jpg,face_46
student-images\face_46\class2faces_face3_aug11.jpg,face_46
student-images\face_46\class2faces_face3_aug12.jpg,face_46
student-images\face_46\class2faces_face3_aug13.jpg,face_46
student-images\face_46\class2faces_face3_aug14.jpg,face_46
student-images\face_46\class2faces_face3_aug15.jpg,face_46
student-images\face_46\class2faces_face3_aug2.jpg,face_46
student-images\face_46\class2faces_face3_aug3.jpg,face_46
student-images\face_46\class2faces_face3_aug4.jpg,face_46
student-images\face_46\class2faces_face3_aug5.jpg,face_46
student-images\face_46\class2faces_face3_aug6.jpg,face_46
student-images\face_46\class2faces_face3_aug7.jpg,face_46
student-images\face_46\class2faces_face3_aug8.jpg,face_46
student-images\face_46\class2faces_face3_aug9.jpg,face_46
student-images\face_46\class2faces_face3_original.jpg,face_46
student-images\face_47\class2faces_face4_aug0.jpg,face_47
student-images\face_47\class2faces_face4_aug1.jpg,face_47
student-images\face_47\class2faces_face4_aug10.jpg,face_47
student-images\face_47\class2faces_face4_aug11.jpg,face_47
student-images\face_47\class2faces_face4_aug12.jpg,face_47
student-images\face_47\class2faces_face4_aug13.jpg,face_47
student-images\face_47\class2faces_face4_aug14.jpg,face_47
student-images\face_47\class2faces_face4_aug15.jpg,face_47
student-images\face_47\class2faces_face4_aug2.jpg,face_47
student-images\face_47\class2faces_face4_aug3.jpg,face_47
student-images\face_47\class2faces_face4_aug4.jpg,face_47
student-images\face_47\class2faces_face4_aug5.jpg,face_47
student-images\face_47\class2faces_face4_aug6.jpg,face_47
student-images\face_47\class2faces_face4_aug7.jpg,face_47
student-images\face_47\class2faces_face4_aug8.jpg,face_47
student-images\face_47\class2faces_face4_aug9.jpg,face_47
student-images\face_47\class2faces_face4_original.jpg,face_47
student-images\face_48\class2faces_face5_aug0.jpg,face_48
student-images\face_48\class2faces_face5_aug1.jpg,face_48
student-images\face_48\class2faces_face5_aug10.jpg,face_48
student-images\face_48\class2faces_face5_aug11.jpg,face_48
student-images\face_48\class2faces_face5_aug12.jpg,face_48
student-images\face_48\class2faces_face5_aug13.jpg,face_48
student-images\face_48\class2faces_face5_aug14.jpg,face_48
student-images\face_48\class2faces_face5_aug15.jpg,face_48
student-images\face_48\class2faces_face5_aug2.jpg,face_48
student-images\face_48\class2faces_face5_aug3.jpg,face_48
student-images\face_48\class2faces_face5_aug4.jpg,face_48
student-images\face_48\class2faces_face5_aug5.jpg,face_48
student-images\face_48\class2faces_face5_aug6.jpg,face_48
student-images\face_48\class2faces_face5_aug7.jpg,face_48
student-images\face_48\class2faces_face5_aug8.jpg,face_48
student-images\face_48\class2faces_face5_aug9.jpg,face_48
student-images\face_48\class2faces_face5_original.jpg,face_48
student-images\face_49\class2faces_face6_aug0.jpg,face_49
student-images\face_49\class2faces_face6_aug1.jpg,face_49
student-images\face_49\class2faces_face6_aug10.jpg,face_49
student-images\face_49\class2faces_face6_aug11.jpg,face_49
student-images\face_49\class2faces_face6_aug12.jpg,face_49
student-images\face_49\class2faces_face6_aug13.jpg,face_49
student-images\face_49\class2faces_face6_aug14.jpg,face_49
student-images\face_49\class2faces_face6_aug15.jpg,face_49
student-images\face_49\class2faces_face6_aug2.jpg,face_49
student-images\face_49\class2faces_face6_aug3.jpg,face_49
student-images\face_49\class2faces_face6_aug4.jpg,face_49
student-images\face_49\class2faces_face6_aug5.jpg,face_49
student-images\face_49\class2faces_face6_aug6.jpg,face_49
student-images\face_49\class2faces_face6_aug7.jpg,face_49
student-images\face_49\class2faces_face6_aug8.jpg,face_49
student-images\face_49\class2faces_face6_aug9.jpg,face_49
student-images\face_49\class2faces_face6_original.jpg,face_49
student-images\face_5\class-faces_face5_aug0.jpg,face_5
student-images\face_5\class-faces_face5_aug1.jpg,face_5
student-images\face_5\class-faces_face5_aug10.jpg,face_5
student-images\face_5\class-faces_face5_aug11.jpg,face_5
student-images\face_5\class-faces_face5_aug12.jpg,face_5
student-images\face_5\class-faces_face5_aug13.jpg,face_5
student-images\face_5\class-faces_face5_aug14.jpg,face_5
student-images\face_5\class-faces_face5_aug15.jpg,face_5
student-images\face_5\class-faces_face5_aug2.jpg,face_5
student-images\face_5\class-faces_face5_aug3.jpg,face_5
student-images\face_5\class-faces_face5_aug4.jpg,face_5
student-images\face_5\class-faces_face5_aug5.jpg,face_5
student-images\face_5\class-faces_face5_aug6.jpg,face_5
student-images\face_5\class-faces_face5_aug7.jpg,face_5
student-images\face_5\class-faces_face5_aug8.jpg,face_5
student-images\face_5\class-faces_face5_aug9.jpg,face_5
student-images\face_5\class-faces_face5_original.jpg,face_5
student-images\face_50\class2faces_face7_aug0.jpg,face_50
student-images\face_50\class2faces_face7_aug1.jpg,face_50
student-images\face_50\class2faces_face7_aug10.jpg,face_50
student-images\face_50\class2faces_face7_aug11.jpg,face_50
student-images\face_50\class2faces_face7_aug12.jpg,face_50
student-images\face_50\class2faces_face7_aug13.jpg,face_50
student-images\face_50\class2faces_face7_aug14.jpg,face_50
student-images\face_50\class2faces_face7_aug15.jpg,face_50
student-images\face_50\class2faces_face7_aug2.jpg,face_50
student-images\face_50\class2faces_face7_aug3.jpg,face_50
student-images\face_50\class2faces_face7_aug4.jpg,face_50
student-images\face_50\class2faces_face7_aug5.jpg,face_50
student-images\face_50\class2faces_face7_aug6.jpg,face_50
student-images\face_50\class2faces_face7_aug7.jpg,face_50
student-images\face_50\class2faces_face7_aug8.jpg,face_50
student-images\face_50\class2faces_face7_aug9.jpg,face_50
student-images\face_50\class2faces_face7_original.jpg,face_50
student-images\face_51\class2faces_face8_aug0.jpg,face_51
student-images\face_51\class2faces_face8_aug1.jpg,face_51
student-images\face_51\class2faces_face8_aug10.jpg,face_51
student-images\face_51\class2faces_face8_aug11.jpg,face_51
student-images\face_51\class2faces_face8_aug12.jpg,face_51
student-images\face_51\class2faces_face8_aug13.jpg,face_51
student-images\face_51\class2faces_face8_aug14.jpg,face_51
student-images\face_51\class2faces_face8_aug15.jpg,face_51
student-images\face_51\class2faces_face8_aug2.jpg,face_51
student-images\face_51\class2faces_face8_aug3.jpg,face_51
student-images\face_51\class2faces_face8_aug4.jpg,face_51
student-images\face_51\class2faces_face8_aug5.jpg,face_51
student-images\face_51\class2faces_face8_aug6.jpg,face_51
student-images\face_51\class2faces_face8_aug7.jpg,face_51
student-images\face_51\class2faces_face8_aug8.jpg,face_51
student-images\face_51\class2faces_face8_aug9.jpg,face_51
student-images\face_51\class2faces_face8_original.jpg,face_51
student-images\face_52\class2faces_face9_aug0.jpg,face_52
student-images\face_52\class2faces_face9_aug1.jpg,face_52
student-images\face_52\class2faces_face9_aug10.jpg,face_52
student-images\face_52\class2faces_face9_aug11.jpg,face_52
student-images\face_52\class2faces_face9_aug12.jpg,face_52
student-images\face_52\class2faces_face9_aug13.jpg,face_52
student-images\face_52\class2faces_face9_aug14.jpg,face_52
student-images\face_52\class2faces_face9_aug15.jpg,face_52
student-images\face_52\class2faces_face9_aug2.jpg,face_52
student-images\face_52\class2faces_face9_aug3.jpg,face_52
student-images\face_52\class2faces_face9_aug4.jpg,face_52
student-images\face_52\class2faces_face9_aug5.jpg,face_52
student-images\face_52\class2faces_face9_aug6.jpg,face_52
student-images\face_52\class2faces_face9_aug7.jpg,face_52
student-images\face_52\class2faces_face9_aug8.jpg,face_52
student-images\face_52\class2faces_face9_aug9.jpg,face_52
student-images\face_52\class2faces_face9_original.jpg,face_52
student-images\face_53\class2faces_face10_aug0.jpg,face_53
student-images\face_53\class2faces_face10_aug1.jpg,face_53
student-images\face_53\class2faces_face10_aug10.jpg,face_53
student-images\face_53\class2faces_face10_aug11.jpg,face_53
student-images\face_53\class2faces_face10_aug12.jpg,face_53
student-images\face_53\class2faces_face10_aug13.jpg,face_53
student-images\face_53\class2faces_face10_aug14.jpg,face_53
student-images\face_53\class2faces_face10_aug15.jpg,face_53
student-images\face_53\class2faces_face10_aug2.jpg,face_53
student-images\face_53\class2faces_face10_aug3.jpg,face_53
student-images\face_53\class2faces_face10_aug4.jpg,face_53
student-images\face_53\class2faces_face10_aug5.jpg,face_53
student-images\face_53\class2faces_face10_aug6.jpg,face_53
student-images\face_53\class2faces_face10_aug7.jpg,face_53
student-images\face_53\class2faces_face10_aug8.jpg,face_53
student-images\face_53\class2faces_face10_aug9.jpg,face_53
student-images\face_53\class2faces_face10_original.jpg,face_53
student-images\face_54\class2faces_face11_aug0.jpg,face_54
student-images\face_54\class2faces_face11_aug1.jpg,face_54
student-images\face_54\class2faces_face11_aug10.jpg,face_54
student-images\face_54\class2faces_face11_aug11.jpg,face_54
student-images\face_54\class2faces_face11_aug12.jpg,face_54
student-images\face_54\class2faces_face11_aug13.jpg,face_54
student-images\face_54\class2faces_face11_aug14.jpg,face_54
student-images\face_54\class2faces_face11_aug15.jpg,face_54
student-images\face_54\class2faces_face11_aug2.jpg,face_54
student-images\face_54\class2faces_face11_aug3.jpg,face_54
student-images\face_54\class2faces_face11_aug4.jpg,face_54
student-images\face_54\class2faces_face11_aug5.jpg,face_54
student-images\face_54\class2faces_face11_aug6.jpg,face_54
student-images\face_54\class2faces_face11_aug7.jpg,face_54
student-images\face_54\class2faces_face11_aug8.jpg,face_54
student-images\face_54\class2faces_face11_aug9.jpg,face_54
student-images\face_54\class2faces_face11_original.jpg,face_54
student-images\face_6\class-faces_face6_aug0.jpg,face_6
student-images\face_6\class-faces_face6_aug1.jpg,face_6
student-images\face_6\class-faces_face6_aug10.jpg,face_6
student-images\face_6\class-faces_face6_aug11.jpg,face_6
student-images\face_6\class-faces_face6_aug12.jpg,face_6
student-images\face_6\class-faces_face6_aug13.jpg,face_6
student-images\face_6\class-faces_face6_aug14.jpg,face_6
student-images\face_6\class-faces_face6_aug15.jpg,face_6
student-images\face_6\class-faces_face6_aug2.jpg,face_6
student-images\face_6\class-faces_face6_aug3.jpg,face_6
student-images\face_6\class-faces_face6_aug4.jpg,face_6
student-images\face_6\class-faces_face6_aug5.jpg,face_6
student-images\face_6\class-faces_face6_aug6.jpg,face_6
student-images\face_6\class-faces_face6_aug7.jpg,face_6
student-images\face_6\class-faces_face6_aug8.jpg,face_6
student-images\face_6\class-faces_face6_aug9.jpg,face_6
student-images\face_6\class-faces_face6_original.jpg,face_6
student-images\face_7\class-faces_face7_aug0.jpg,face_7
student-images\face_7\class-faces_face7_aug1.jpg,face_7
student-images\face_7\class-faces_face7_aug10.jpg,face_7
student-images\face_7\class-faces_face7_aug11.jpg,face_7
student-images\face_7\class-faces_face7_aug12.jpg,face_7
student-images\face_7\class-faces_face7_aug13.jpg,face_7
student-images\face_7\class-faces_face7_aug14.jpg,face_7
student-images\face_7\class-faces_face7_aug15.jpg,face_7
student-images\face_7\class-faces_face7_aug2.jpg,face_7
student-images\face_7\class-faces_face7_aug3.jpg,face_7
student-images\face_7\class-faces_face7_aug4.jpg,face_7
student-images\face_7\class-faces_face7_aug5.jpg,face_7
student-images\face_7\class-faces_face7_aug6.jpg,face_7
student-images\face_7\class-faces_face7_aug7.jpg,face_7
student-images\face_7\class-faces_face7_aug8.jpg,face_7
student-images\face_7\class-faces_face7_aug9.jpg,face_7
student-images\face_7\class-faces_face7_original.jpg,face_7
student-images\face_8\class-faces_face8_aug0.jpg,face_8
student-images\face_8\class-faces_face8_aug1.jpg,face_8
student-images\face_8\class-faces_face8_aug10.jpg,face_8
student-images\face_8\class-faces_face8_aug11.jpg,face_8
student-images\face_8\class-faces_face8_aug12.jpg,face_8
student-images\face_8\class-faces_face8_aug13.jpg,face_8
student-images\face_8\class-faces_face8_aug14.jpg,face_8
student-images\face_8\class-faces_face8_aug15.jpg,face_8
student-images\face_8\class-faces_face8_aug2.jpg,face_8
student-images\face_8\class-faces_face8_aug3.jpg,face_8
student-images\face_8\class-faces_face8_aug4.jpg,face_8
student-images\face_8\class-faces_face8_aug5.jpg,face_8
student-images\face_8\class-faces_face8_aug6.jpg,face_8
student-images\face_8\class-faces_face8_aug7.jpg,face_8
student-images\face_8\class-faces_face8_aug8.jpg,face_8
student-images\face_8\class-faces_face8_aug9.jpg,face_8
student-images\face_8\class-faces_face8_original.jpg,face_8
student-images\face_9\class-faces_face9_aug0.jpg,face_9
student-images\face_9\class-faces_face9_aug1.jpg,face_9
student-images\face_9\class-faces_face9_aug10.jpg,face_9
student-images\face_9\class-faces_face9_aug11.jpg,face_9
student-images\face_9\class-faces_face9_aug12.jpg,face_9
student-images\face_9\class-faces_face9_aug13.jpg,face_9
student-images\face_9\class-faces_face9_aug14.jpg,face_9
student-images\face_9\class-faces_face9_aug15.jpg,face_9
student-images\face_9\class-faces_face9_aug2.jpg,face_9
student-images\face_9\class-faces_face9_aug3.jpg,face_9
student-images\face_9\class-faces_face9_aug4.jpg,face_9
student-images\face_9\class-faces_face9_aug5.jpg,face_9
student-images\face_9\class-faces_face9_aug6.jpg,face_9
student-images\face_9\class-faces_face9_aug7.jpg,face_9
student-images\face_9\class-faces_face9_aug8.jpg,face_9
student-images\face_9\class-faces_face9_aug9.jpg,face_9
student-images\face_9\class-faces_face9_original.jpg,face_9
